{
  "best_model": "Logistic Regression",
  "models": {
    "Logistic Regression": {
      "roc_auc": 0.8537962747681418,
      "f1": 0.593245227606461
    },
    "Random Forest": {
      "roc_auc": 0.8519569092459118,
      "f1": 0.6482300884955752
    },
    "XGBoost": {
      "roc_auc": 0.8305109922756981,
      "f1": 0.5962732919254659
    },
    "LightGBM": {
      "roc_auc": 0.832157896096515,
      "f1": 0.6009732360097324
    },
    "CatBoost": {
      "roc_auc": 0.840334289183394,
      "f1": 0.617046818727491
    }
  }
}